nombre_usuario,Identificador,contrasena_uso_unico,nombre_1,nombre_2,departamento,ubicacion,correo
booker12,9012,12se74,Rachel,Booker,Ventas,Manchester,booker@company.com
grey07,2070,04ap67,Laura,Grey,Oficina,London,grey@company.com
johnson81,4081,30no86,Craig,Johnson,Oficina,London,johnson@company.com
jenkins46,9346,14ju73,Mary,Jenkins,Ingenieria,Paris,jenkins@company.com
smith79,5079,09ja61,Jamie,Smith,Ingenieria,Manchester,smith@company.com
joe456,1566,4578w8,Jhin,Karj,Ventas,New York,joe5@company.com
adam85,7896,45we89,Ema,Kurt,Oficina,Paris,adam8@company.com
calipso35,2134,79sdw3,Rijag,Nasaam,Generencia,New York,calipso3@company.com
onyth98,7563,639sdf,Adam,Kifter,Ventas,Madrid,onyth9@company.com
